Name,Symbol,Current price,Change,Percent change,High price of the day,Low price of the day,Open price of the day,Previous close price,Date and time
ARBOR REALTY TRUST INC,ABR,3.7,-0.01,-0.2695,3.76,3.605,3.73,3.71,2026-10-02 10:56:50
ACRES Commercial Realty Corp.,ACR,11.05,0.18,1.6559,11.07,10.96,10.98,10.87,2026-10-02 10:52:17
AIR INDUSTRIES GROUP,AIRI,2.71,0.06,2.2642,2.7199999999999998,2.6801,2.7199999999999998,2.65,2026-10-02 10:54:35
"AmpliTech Group, Inc.",AMPG,3.16,0.07,2.2654,3.19,3.085,3.1,3.09,2026-10-02 10:55:45
APPLIED DNA SCIENCES INC,APDN,0.0,,,0.0,0.0,0.0,0.0,1969-12-31 19:00:00
BION ENVIRONMENTAL TECHNOLOGIES INC,BNET,0.241,0.051,26.8421,0.241,0.1877,0.1877,0.19,2026-09-30 20:00:00
"BROADRIDGE FINANCIAL SOLUTIONS, INC.",BR,158.43,-2.72,-1.6879,161.15,157.6201,161.125,161.15,2026-10-02 10:55:32
BRT Apartments Corp.,BRT,13.59,0.27,2.027,13.62,13.41,13.42,13.32,2026-10-02 10:32:49
"BioRestorative Therapies, Inc.",BRTX,2.25,-0.02,-0.8811,2.2699999999999996,2.21,2.2699999999999996,2.27,2026-10-02 10:49:59
Can B Corp,CANB,0.0,,,0.0,0.0,0.0,0.0,1969-12-31 19:00:00
CPI AEROSTRUCTURES INC,CVU,5.27,0.05,0.9579,5.283,5.22,5.2299999999999995,5.22,2026-10-02 10:41:15
CVD EQUIPMENT CORP,CVV,4.38,0.01,0.2288,4.41,4.29,4.3999999999999995,4.37,2026-10-02 10:53:27
"Dime Community Bancshares, Inc. /NY/",DCOM,39.95,0.43,1.0881,40.26,39.64,39.86,39.52,2026-10-02 10:57:15
Data Storage Corp,DTST,3.39,0.01,0.2959,3.4099999999999997,3.3197,3.355,3.38,2026-10-02 10:50:24
ENZO BIOCHEM INC,ENZ,0.0,,,0.0,0.0,0.0,0.0,1969-12-31 19:00:00
"Esquire Financial Holdings, Inc.",ESQ,120.24,2.05,1.7345,121.95,119.16,119.445,118.19,2026-10-02 10:55:36
FREQUENCY ELECTRONICS INC,FEIM,86.93,0.96,1.1167,88.2,86.0262,87.245,85.97,2026-10-02 10:56:30
FLUSHING FINANCIAL CORP,FFIC,0.0,,,0.0,0.0,0.0,0.0,1969-12-31 19:00:00
"FLAGSTAR FINANCIAL, INC.",FLG,11.9,0.21,1.7964,11.935,11.76,11.78,11.69,2026-10-02 10:57:15
FIRST OF LONG ISLAND CORP,FLIC,0.0,,,0.0,0.0,0.0,0.0,1969-12-31 19:00:00
1 800 FLOWERS COM INC,FLWS,2.63,0.07,2.7344,2.64,2.58,2.615,2.56,2026-10-02 10:55:26
FONAR CORP,FONR,0.0,,,0.0,0.0,0.0,0.0,1969-12-31 19:00:00
"Forward Industries, Inc.",FORD,0.0,,,0.0,0.0,0.0,0.0,1969-12-31 19:00:00
GLOBAL INDUSTRIAL Co,GIC,43.4,0.33,0.7662,43.9028,43.12,43.38,43.07,2026-10-02 10:57:14
"Gyrodyne, LLC",GYRO,4.11,-0.5836,-12.434,4.67,4.09,4.66,4.6936,2026-10-02 10:39:04
"Hanover Bancorp, Inc. /NY",HNVR,25.53,0.3,1.1891,25.895000000000003,25.09,25.52,25.23,2026-10-02 10:51:34
HENRY SCHEIN INC,HSIC,84.66,-0.27,-0.3179,85.57000000000001,84.395,85.155,84.93,2026-10-02 10:57:02
"Intellicheck, Inc.",IDN,2.31,0.035,1.5385,2.3292,2.264,2.3,2.275,2026-10-02 10:55:18
INTELLIGENT PROTECTION MANAGEMENT CORP.,IPM,1.81,0.02,1.1173,1.83,1.81,1.82,1.79,2026-10-02 10:15:43
KIMCO REALTY CORP,KIM,22.33,0.12,0.5403,22.455,22.2,22.3,22.21,2026-10-02 10:57:11
"LIFETIME BRANDS, INC",LCUT,8.66,0.01,0.1156,8.7925,8.645,8.75,8.65,2026-10-02 10:57:06
"LIXTE BIOTECHNOLOGY HOLDINGS, INC.",LIXT,3.82,0.14,3.8043,4.01,3.73,3.73,3.68,2026-09-21 20:00:00
"MANHATTAN BRIDGE CAPITAL, INC",LOAN,3.82,0.07,1.8667,3.8899,3.76,3.78,3.75,2026-10-02 10:36:18
"Mobiquity Technologies, Inc.",MOBQ,0.54,0.04,8.0,0.55,0.475,0.5,0.5,2026-09-30 20:00:00
MSC INDUSTRIAL DIRECT CO INC,MSM,131.71,3.21,2.4981,132.0,129.01,129.01,128.5,2026-10-02 10:57:13
"NATHANS FAMOUS, INC.",NATH,101.48,0.08,0.0789,101.53,101.45,101.53,101.4,2026-10-02 10:54:50
NetBrands Corp.,NBND,0.0001,0.0,0.0,0.0001,0.0001,0.0001,0.0001,2026-09-30 20:00:00
"NAPCO SECURITY TECHNOLOGIES, INC",NSSC,36.56,0.37,1.0224,36.809999999999995,36.37,36.8,36.19,2026-10-02 10:56:22
"Nu-Med Plus, Inc.",NUMD,0.0146,0.0,0.0,0.0146,0.0146,0.0146,0.0146,2026-09-24 20:00:00
"Optimus Healthcare Services, Inc.",OHCS,0.0,,,0.0,0.0,0.0,0.0,1969-12-31 19:00:00
ONE LIBERTY PROPERTIES INC,OLP,22.19,0.2,0.9095,22.3999,21.97,22.21,21.99,2026-10-02 10:54:02
"ProPhase Labs, Inc.",PRPH,0.012,-0.0001,-0.8264,0.014,0.0111,0.014,0.0121,2026-09-30 20:00:00
"Postal Realty Trust, Inc.",PSTL,22.8,0.27,1.1984,22.89,22.59,22.725,22.53,2026-10-02 10:52:45
Power REIT,PW,6.63,-0.32,-4.6043,7.26,6.59,7.26,6.95,2026-10-02 10:49:08
Range Capital Acquisition Corp.,RANG,10.88,0.02,0.1842,10.879999999999999,10.86,10.87,10.86,2026-09-29 12:14:12
RESEARCH FRONTIERS INC,REFR,0.6885,-0.0064,-0.921,0.6995,0.6775,0.6834,0.6949,2026-10-02 10:56:33
Ranger Gold Corp.,RNGC,0.006,0.0,0.0,0.006,0.006,0.006,0.006,2026-09-17 20:00:00
SCIENTIFIC INDUSTRIES INC,SCND,0.7766,0.0266,3.5467,0.7846,0.75,0.7846,0.75,2026-09-29 20:00:00
SURGE COMPONENTS INC,SPRS,4.0,0.0,0.0,4.0,4.0,4.0,4.0,2026-09-30 20:00:00
Sharps Technology Inc.,STSS,1.78,-0.01,-0.5587,1.825,1.7,1.8,1.79,2026-09-21 20:00:00
UNITED GUARDIAN INC,UG,7.16,0.06,0.8451,7.1867,7.07,7.13,7.1,2026-10-02 10:26:17
VASO Corp,VASO,0.2946,0.0006,0.2041,0.2946,0.289,0.289,0.294,2026-09-30 20:00:00
VEECO INSTRUMENTS INC,VECO,59.33,6.14,11.5435,60.0,54.775,54.775,53.19,2026-10-02 10:57:16
VOXX International Corp,VOXX,0.0,,,0.0,0.0,0.0,0.0,1969-12-31 19:00:00
VERINT SYSTEMS INC,VRNT,0.0,,,0.0,0.0,0.0,0.0,1969-12-31 19:00:00
"Beyond Air, Inc.",XAIR,2.93,0.0,0.0,2.99,2.84,2.94,2.93,2026-10-02 10:46:21
